"type","code","message","context","selector"
"error","WCAG2AA.Principle3.Guideline3_1.3_1_1.H57.2","The html element should have a lang or xml:lang attribute which describes the language of the document.","<html><head>\n    <script>\nwindow.addE...</html>","html"
"error","WCAG2AA.Principle4.Guideline4_1.4_1_2.H91.A.NoContent","Anchor element found with a valid href attribute, but no link content has been supplied.","<a class=\"\" href=\"#\"></a>","html > body > header > a"
"error","WCAG2AA.Principle1.Guideline1_4.1_4_3.G18.Fail","This element has insufficient contrast at this conformance level. Expected a contrast ratio of at least 4.5:1, but text in this element has a contrast ratio of 1.89:1. Recommendation:  change background to #915e93.","<a href=\"index.html\">Home</a>","html > body > header > ul > li:nth-child(1) > a"
"error","WCAG2AA.Principle1.Guideline1_4.1_4_3.G18.Fail","This element has insufficient contrast at this conformance level. Expected a contrast ratio of at least 4.5:1, but text in this element has a contrast ratio of 1.89:1. Recommendation:  change background to #915e93.","<a class=\"dropbtn\" href=\"gallery.html\">Gallery</a>","html > body > header > ul > li:nth-child(2) > div > a"
"error","WCAG2AA.Principle1.Guideline1_4.1_4_3.G18.Fail","This element has insufficient contrast at this conformance level. Expected a contrast ratio of at least 4.5:1, but text in this element has a contrast ratio of 1.89:1. Recommendation:  change background to #915e93.","<a href=\"contact.html\">Contact</a>","html > body > header > ul > li:nth-child(3) > a"
"error","WCAG2AA.Principle1.Guideline1_1.1_1_1.H37","Img element missing an alt attribute. Use the alt attribute to specify a short text alternative.","<img src=\"https://c4.wallpaperflare.com/wallpaper/906/767/707/polygon-triangles-geometric-patterns-wallpaper-preview.jpg\">","#slider > figure > img:nth-child(1)"
"error","WCAG2AA.Principle1.Guideline1_1.1_1_1.H37","Img element missing an alt attribute. Use the alt attribute to specify a short text alternative.","<img src=\"https://c4.wallpaperflare.com/wallpaper/906/767/707/polygon-triangles-geometric-patterns-wallpaper-preview.jpg\">","#slider > figure > img:nth-child(2)"
"error","WCAG2AA.Principle1.Guideline1_1.1_1_1.H37","Img element missing an alt attribute. Use the alt attribute to specify a short text alternative.","<img src=\"https://c4.wallpaperflare.com/wallpaper/906/767/707/polygon-triangles-geometric-patterns-wallpaper-preview.jpg\">","#slider > figure > img:nth-child(3)"
"error","WCAG2AA.Principle1.Guideline1_1.1_1_1.H37","Img element missing an alt attribute. Use the alt attribute to specify a short text alternative.","<img src=\"https://c4.wallpaperflare.com/wallpaper/906/767/707/polygon-triangles-geometric-patterns-wallpaper-preview.jpg\">","#slider > figure > img:nth-child(4)"
"error","WCAG2AA.Principle1.Guideline1_1.1_1_1.H37","Img element missing an alt attribute. Use the alt attribute to specify a short text alternative.","<img src=\"https://c4.wallpaperflare.com/wallpaper/906/767/707/polygon-triangles-geometric-patterns-wallpaper-preview.jpg\">","#slider > figure > img:nth-child(5)"
