"type","code","message","context","selector"
"error","WCAG2AA.Principle2.Guideline2_4.2_4_2.H25.1.NoTitleEl","A title should be provided for the document, using a non-empty title element in the head section.","<head>\n    <script>\n//Insert value fo...</head>","html > head"
"error","WCAG2AA.Principle3.Guideline3_1.3_1_1.H57.2","The html element should have a lang or xml:lang attribute which describes the language of the document.","<html><head>\n    <script>\n//Insert va...</html>","html"
"error","WCAG2AA.Principle4.Guideline4_1.4_1_2.H91.Select.Name","This select element does not have a name available to an accessibility API. Valid names are: label element, title undefined, aria-label undefined, aria-labelledby undefined.","<select name=\"selectProgram[]\" class=\"js-example-basic\">\n    <option value=\"\">Choose to...</select>","html > body > div:nth-child(2) > select"
"error","WCAG2AA.Principle1.Guideline1_3.1_3_1.F68","This form field should be labelled in some way. Use the label element (either with a \"for\" attribute or wrapped around the form field), or \"title\", \"aria-label\" or \"aria-labelledby\" attributes as appropriate.","<select name=\"selectProgram[]\" class=\"js-example-basic\">\n    <option value=\"\">Choose to...</select>","html > body > div:nth-child(2) > select"
"error","WCAG2AA.Principle4.Guideline4_1.4_1_2.H91.Textarea.Name","This textarea element does not have a name available to an accessibility API. Valid names are: label element, title undefined, aria-label undefined, aria-labelledby undefined.","<textarea name=\"tourText[]\" class=\"form-control textArea\" placeholder=\"Tour description\"></textarea>","html > body > div:nth-child(2) > textarea"
"error","WCAG2AA.Principle1.Guideline1_3.1_3_1.F68","This form field should be labelled in some way. Use the label element (either with a \"for\" attribute or wrapped around the form field), or \"title\", \"aria-label\" or \"aria-labelledby\" attributes as appropriate.","<textarea name=\"tourText[]\" class=\"form-control textArea\" placeholder=\"Tour description\"></textarea>","html > body > div:nth-child(2) > textarea"
"error","WCAG2AA.Principle4.Guideline4_1.4_1_2.H91.Select.Name","This select element does not have a name available to an accessibility API. Valid names are: label element, title undefined, aria-label undefined, aria-labelledby undefined.","<select name=\"selectProgram[]\" class=\"js-example-basic\">\n    <option value=\"\">Choose to...</select>","html > body > div:nth-child(3) > select"
"error","WCAG2AA.Principle1.Guideline1_3.1_3_1.F68","This form field should be labelled in some way. Use the label element (either with a \"for\" attribute or wrapped around the form field), or \"title\", \"aria-label\" or \"aria-labelledby\" attributes as appropriate.","<select name=\"selectProgram[]\" class=\"js-example-basic\">\n    <option value=\"\">Choose to...</select>","html > body > div:nth-child(3) > select"
"error","WCAG2AA.Principle4.Guideline4_1.4_1_2.H91.Textarea.Name","This textarea element does not have a name available to an accessibility API. Valid names are: label element, title undefined, aria-label undefined, aria-labelledby undefined.","<textarea name=\"tourText[]\" class=\"form-control textArea\" placeholder=\"Tour description\"></textarea>","html > body > div:nth-child(3) > textarea"
"error","WCAG2AA.Principle1.Guideline1_3.1_3_1.F68","This form field should be labelled in some way. Use the label element (either with a \"for\" attribute or wrapped around the form field), or \"title\", \"aria-label\" or \"aria-labelledby\" attributes as appropriate.","<textarea name=\"tourText[]\" class=\"form-control textArea\" placeholder=\"Tour description\"></textarea>","html > body > div:nth-child(3) > textarea"
