"type","code","message","context","selector"
"error","WCAG2AA.Principle1.Guideline1_4.1_4_3.G18.Fail","This element has insufficient contrast at this conformance level. Expected a contrast ratio of at least 4.5:1, but text in this element has a contrast ratio of 2.72:1. Recommendation:  change background to #067cbc.","<a href=\"#\">Home</a>","html > body > nav > ul > li:nth-child(2) > a"
"error","WCAG2AA.Principle1.Guideline1_4.1_4_3.G18.Fail","This element has insufficient contrast at this conformance level. Expected a contrast ratio of at least 4.5:1, but text in this element has a contrast ratio of 2.72:1. Recommendation:  change background to #067cbc.","<a href=\"#\">Who Are We</a>","html > body > nav > ul > li:nth-child(3) > a"
"error","WCAG2AA.Principle1.Guideline1_4.1_4_3.G18.Fail","This element has insufficient contrast at this conformance level. Expected a contrast ratio of at least 4.5:1, but text in this element has a contrast ratio of 2.72:1. Recommendation:  change background to #067cbc.","<a href=\"#\">What Do We Do</a>","html > body > nav > ul > li:nth-child(4) > a"
"error","WCAG2AA.Principle1.Guideline1_4.1_4_3.G18.Fail","This element has insufficient contrast at this conformance level. Expected a contrast ratio of at least 4.5:1, but text in this element has a contrast ratio of 2.72:1. Recommendation:  change background to #067cbc.","<a href=\"#\">Indicators</a>","html > body > nav > ul > li:nth-child(5) > a"
"error","WCAG2AA.Principle1.Guideline1_4.1_4_3.G18.Fail","This element has insufficient contrast at this conformance level. Expected a contrast ratio of at least 4.5:1, but text in this element has a contrast ratio of 2.72:1. Recommendation:  change background to #067cbc.","<a href=\"#\">Resources</a>","html > body > nav > ul > li:nth-child(6) > a"
"error","WCAG2AA.Principle1.Guideline1_4.1_4_3.G18.Fail","This element has insufficient contrast at this conformance level. Expected a contrast ratio of at least 4.5:1, but text in this element has a contrast ratio of 2.72:1. Recommendation:  change background to #067cbc.","<a href=\"#\">More</a>","html > body > nav > ul > li:nth-child(7) > a"
