"type","code","message","context","selector"
"error","WCAG2AA.Principle2.Guideline2_4.2_4_2.H25.1.NoTitleEl","A title should be provided for the document, using a non-empty title element in the head section.","<head>\n<script type=\"text/javascript\"...</head>","html > head"
"error","WCAG2AA.Principle3.Guideline3_1.3_1_1.H57.2","The html element should have a lang or xml:lang attribute which describes the language of the document.","<html><head>\n<script type=\"text/javas...</html>","html"
"error","WCAG2AA.Principle4.Guideline4_1.4_1_2.H91.Input text.Name","This  textinput element does not have a name available to an accessibility API. Valid names are: element content, aria-label undefined, aria-labelledby undefined.","<input id=\" nome\" name=\" nome\" type=\" text\">","# nome"
"error","WCAG2AA.Principle4.Guideline4_1.4_1_2.H91.Input text.Name","This  textinput element does not have a name available to an accessibility API. Valid names are: element content, aria-label undefined, aria-labelledby undefined.","<input id=\" cognome\" name=\" cognome\" type=\" text\">","# cognome"
