"type","code","message","context","selector"
"error","WCAG2AA.Principle2.Guideline2_4.2_4_2.H25.1.EmptyTitle","The title element in the head section should be non-empty.","<title></title>","html > head > title"
"error","WCAG2AA.Principle4.Guideline4_1.4_1_2.H91.Textarea.Name","This textarea element does not have a name available to an accessibility API. Valid names are: label element, title undefined, aria-label undefined, aria-labelledby undefined.","<textarea id=\"normal\"></textarea>","#normal"
"error","WCAG2AA.Principle1.Guideline1_3.1_3_1.F68","This form field should be labelled in some way. Use the label element (either with a \"for\" attribute or wrapped around the form field), or \"title\", \"aria-label\" or \"aria-labelledby\" attributes as appropriate.","<textarea id=\"normal\"></textarea>","#normal"
"error","WCAG2AA.Principle4.Guideline4_1.4_1_2.H91.Textarea.Name","This textarea element does not have a name available to an accessibility API. Valid names are: label element, title undefined, aria-label undefined, aria-labelledby undefined.","<textarea id=\"pirate\"></textarea>","#pirate"
"error","WCAG2AA.Principle1.Guideline1_3.1_3_1.F68","This form field should be labelled in some way. Use the label element (either with a \"for\" attribute or wrapped around the form field), or \"title\", \"aria-label\" or \"aria-labelledby\" attributes as appropriate.","<textarea id=\"pirate\"></textarea>","#pirate"
