"type","code","message","context","selector"
"error","WCAG2AA.Principle2.Guideline2_4.2_4_2.H25.1.NoTitleEl","A title should be provided for the document, using a non-empty title element in the head section.","<head>\n<style type=\"text/css\">\n.fixed...</head>","html > head"
"error","WCAG2AA.Principle3.Guideline3_1.3_1_1.H57.2","The html element should have a lang or xml:lang attribute which describes the language of the document.","<html><head>\n<style type=\"text/css\">\n...</html>","html"
"error","WCAG2AA.Principle2.Guideline2_4.2_4_1.G1,G123,G124.NoSuchID","This link points to a named anchor \"Sec001\" within the document, but no anchor exists with that name.","<a class=\" active\" href=\" #Sec001\">Link to section one</a>","html > body > ul > li:nth-child(1) > a"
"error","WCAG2AA.Principle2.Guideline2_4.2_4_1.G1,G123,G124.NoSuchID","This link points to a named anchor \"Sec002\" within the document, but no anchor exists with that name.","<a href=\" #Sec002\">Link to section two</a>","html > body > ul > li:nth-child(2) > a"
"error","WCAG2AA.Principle2.Guideline2_4.2_4_1.G1,G123,G124.NoSuchID","This link points to a named anchor \"Sec003\" within the document, but no anchor exists with that name.","<a href=\" #Sec003\">Link to section Three</a>","html > body > ul > li:nth-child(3) > a"
