"type","code","message","context","selector"
"error","WCAG2AA.Principle2.Guideline2_4.2_4_2.H25.1.NoTitleEl","A title should be provided for the document, using a non-empty title element in the head section.","<head>\n</head>","html > head"
"error","WCAG2AA.Principle4.Guideline4_1.4_1_2.H91.Input text.Name","This  textinput element does not have a name available to an accessibility API. Valid names are: element content, aria-label undefined, aria-labelledby undefined.","<input type=\" text\" id=\" t1\" name=\" t1\">","# t1"
"error","WCAG2AA.Principle4.Guideline4_1.4_1_2.H91.Input text.Name","This  textinput element does not have a name available to an accessibility API. Valid names are: element content, aria-label undefined, aria-labelledby undefined.","<input type=\" text\" id=\" t2\" name=\" t2\">","# t2"
"error","WCAG2AA.Principle4.Guideline4_1.4_1_2.H91.Input button.Name","This  buttoninput element does not have a name available to an accessibility API. Valid names are: element content, aria-label undefined, aria-labelledby undefined.","<input type=\" button\" id=\" add\" value=\" =\" onclick=\" add();\">","# add"
