"type","code","message","context","selector"
"error","WCAG2AA.Principle4.Guideline4_1.4_1_2.H91.InputText.Name","This textinput element does not have a name available to an accessibility API. Valid names are: label element, title undefined, aria-label undefined, aria-labelledby undefined.","<input id=\"mail\" type=\"text\" name=\"email\" value=\"user@example.com\">","#mail"
"error","WCAG2AA.Principle1.Guideline1_3.1_3_1.F68","This form field should be labelled in some way. Use the label element (either with a \"for\" attribute or wrapped around the form field), or \"title\", \"aria-label\" or \"aria-labelledby\" attributes as appropriate.","<input id=\"mail\" type=\"text\" name=\"email\" value=\"user@example.com\">","#mail"
"error","WCAG2AA.Principle4.Guideline4_1.4_1_1.F77","Duplicate id attribute value \"mail\" found on the web page.","<input id=\"mail\" type=\"text\" name=\"email\" value=\"user@example.com\">","#mail"
"error","WCAG2AA.Principle4.Guideline4_1.4_1_2.H91.InputText.Name","This textinput element does not have a name available to an accessibility API. Valid names are: label element, title undefined, aria-label undefined, aria-labelledby undefined.","<input id=\"mail\" type=\"text\" name=\"email\" value=\"user@example.com\">","#mail"
"error","WCAG2AA.Principle1.Guideline1_3.1_3_1.F68","This form field should be labelled in some way. Use the label element (either with a \"for\" attribute or wrapped around the form field), or \"title\", \"aria-label\" or \"aria-labelledby\" attributes as appropriate.","<input id=\"mail\" type=\"text\" name=\"email\" value=\"user@example.com\">","#mail"
"error","WCAG2AA.Principle4.Guideline4_1.4_1_1.F77","Duplicate id attribute value \"btn\" found on the web page.","<button id=\"btn\" onclick=\"abc()\">click On me</button>","#btn"
"error","WCAG2AA.Principle4.Guideline4_1.4_1_1.F77","Duplicate id attribute value \"text\" found on the web page.","<p id=\"text\"></p>","#text"
