"type","code","message","context","selector"
"error","WCAG2AA.Principle2.Guideline2_4.2_4_2.H25.1.NoTitleEl","A title should be provided for the document, using a non-empty title element in the head section.","<head>\n<style type=\"text/css\">\n\n.page...</head>","html > head"
"error","WCAG2AA.Principle4.Guideline4_1.4_1_2.H91.Button.Name","This button element does not have a name available to an accessibility API. Valid names are: title undefined, element content, aria-label undefined, aria-labelledby undefined.","<button class=\"page-btn-icon\">\n  <img class=\"icon\" src=\"https...</button>","html > body > button"
"error","WCAG2AA.Principle1.Guideline1_1.1_1_1.H37","Img element missing an alt attribute. Use the alt attribute to specify a short text alternative.","<img class=\"icon\" src=\"https://dummyimage.com/16x16/fff/aaa\">","html > body > button > img:nth-child(1)"
"error","WCAG2AA.Principle1.Guideline1_1.1_1_1.H37","Img element missing an alt attribute. Use the alt attribute to specify a short text alternative.","<img class=\"icon img-top\" src=\"https://dummyimage.com/16x16/aaa/fff\">","html > body > button > img:nth-child(2)"
