"type","code","message","context","selector"
"error","WCAG2AA.Principle2.Guideline2_4.2_4_2.H25.1.EmptyTitle","The title element in the head section should be non-empty.","<title></title>","html > head > title"
"error","WCAG2AA.Principle3.Guideline3_1.3_1_1.H57.2","The html element should have a lang or xml:lang attribute which describes the language of the document.","<html><head>\n    <title></title>\n</he...</html>","html"
"error","WCAG2AA.Principle3.Guideline3_2.3_2_2.H32.2","This form does not contain a submit button, which creates issues for those who cannot submit the form using the keyboard. Submit buttons are INPUT elements with type attribute \"submit\" or \"image\", or BUTTON elements with type \"submit\" or omitted/invalid.","<form action=\" \" method=\" post\" id=\" quiz-form\">\n            <p>\n              ...</form>","# quiz-form"
"error","WCAG2AA.Principle4.Guideline4_1.4_1_2.H91.Input number.Name","This  numberinput element does not have a name available to an accessibility API. Valid names are: element content, aria-label undefined, aria-labelledby undefined.","<input type=\" number\" name=\" first_num\" id=\" first_num\" required=\" required\" value=\" <?php echo $first_num; ?>\">","# first_num"
"error","WCAG2AA.Principle4.Guideline4_1.4_1_2.H91.Input number.Name","This  numberinput element does not have a name available to an accessibility API. Valid names are: element content, aria-label undefined, aria-labelledby undefined.","<input type=\" number\" name=\" second_num\" id=\" second_num\" required=\" required\" value=\" <?php echo $second_num; ?>\">","# second_num"
"error","WCAG2AA.Principle4.Guideline4_1.4_1_2.H91.InputText.Name","This textinput element does not have a name available to an accessibility API. Valid names are: label element, title undefined, aria-label undefined, aria-labelledby undefined.","<input readonly=\" readonly\" name=\" result\" value=\" <?php echo $result; ?>\">","# quiz-form > p:nth-child(3) > input"
"error","WCAG2AA.Principle1.Guideline1_3.1_3_1.F68","This form field should be labelled in some way. Use the label element (either with a \"for\" attribute or wrapped around the form field), or \"title\", \"aria-label\" or \"aria-labelledby\" attributes as appropriate.","<input readonly=\" readonly\" name=\" result\" value=\" <?php echo $result; ?>\">","# quiz-form > p:nth-child(3) > input"
"error","WCAG2AA.Principle4.Guideline4_1.4_1_2.H91.Input submit.Name","This  submitinput element does not have a name available to an accessibility API. Valid names are: element content, aria-label undefined, aria-labelledby undefined.","<input type=\" submit\" name=\" operator\" value=\" Add\">","# quiz-form > input:nth-child(4)"
"error","WCAG2AA.Principle4.Guideline4_1.4_1_2.H91.Input submit.Name","This  submitinput element does not have a name available to an accessibility API. Valid names are: element content, aria-label undefined, aria-labelledby undefined.","<input type=\" submit\" name=\" operator\" value=\" Subtract\">","# quiz-form > input:nth-child(5)"
"error","WCAG2AA.Principle4.Guideline4_1.4_1_2.H91.Input submit.Name","This  submitinput element does not have a name available to an accessibility API. Valid names are: element content, aria-label undefined, aria-labelledby undefined.","<input type=\" submit\" name=\" operator\" value=\" Multiply\">","# quiz-form > input:nth-child(6)"
"error","WCAG2AA.Principle4.Guideline4_1.4_1_2.H91.Input submit.Name","This  submitinput element does not have a name available to an accessibility API. Valid names are: element content, aria-label undefined, aria-labelledby undefined.","<input type=\" submit\" name=\" operator\" value=\" Divide\">","# quiz-form > input:nth-child(7)"
