"type","code","message","context","selector"
"error","WCAG2AA.Principle2.Guideline2_4.2_4_2.H25.1.NoTitleEl","A title should be provided for the document, using a non-empty title element in the head section.","<head> <script type=\"text/javascript\"...</head>","html > head"
"error","WCAG2AA.Principle3.Guideline3_2.3_2_2.H32.2","This form does not contain a submit button, which creates issues for those who cannot submit the form using the keyboard. Submit buttons are INPUT elements with type attribute \"submit\" or \"image\", or BUTTON elements with type \"submit\" or omitted/invalid.","<form id=\" target\" action=\" destination.html\">\n  <input type=\" text\" value=\" ...</form>","# target"
"error","WCAG2AA.Principle4.Guideline4_1.4_1_2.H91.Input text.Name","This  textinput element does not have a name available to an accessibility API. Valid names are: element content, aria-label undefined, aria-labelledby undefined.","<input type=\" text\" value=\" Hello there\">","# target > input:nth-child(1)"
"error","WCAG2AA.Principle4.Guideline4_1.4_1_2.H91.Input submit.Name","This  submitinput element does not have a name available to an accessibility API. Valid names are: element content, aria-label undefined, aria-labelledby undefined.","<input type=\" submit\" value=\" Go\">","# target > input:nth-child(2)"
