"type","code","message","context","selector"
"error","WCAG2AA.Principle2.Guideline2_4.2_4_2.H25.1.NoTitleEl","A title should be provided for the document, using a non-empty title element in the head section.","<head>\n<script src=\"https://ajax.goog...</head>","html > head"
"error","WCAG2AA.Principle4.Guideline4_1.4_1_2.H91.Select.Name","This select element does not have a name available to an accessibility API. Valid names are: label element, title undefined, aria-label undefined, aria-labelledby undefined.","<select name=\"status1\" id=\"status1\"><option value=\"null\">select:</o...</select>","#status1"
"error","WCAG2AA.Principle1.Guideline1_3.1_3_1.F68","This form field should be labelled in some way. Use the label element (either with a \"for\" attribute or wrapped around the form field), or \"title\", \"aria-label\" or \"aria-labelledby\" attributes as appropriate.","<select name=\"status1\" id=\"status1\"><option value=\"null\">select:</o...</select>","#status1"
"error","WCAG2AA.Principle4.Guideline4_1.4_1_2.H91.Select.Name","This select element does not have a name available to an accessibility API. Valid names are: label element, title undefined, aria-label undefined, aria-labelledby undefined.","<select>\n                    <option va...</select>","html > body > table > tbody > tr:nth-child(1) > td:nth-child(5) > select"
"error","WCAG2AA.Principle1.Guideline1_3.1_3_1.F68","This form field should be labelled in some way. Use the label element (either with a \"for\" attribute or wrapped around the form field), or \"title\", \"aria-label\" or \"aria-labelledby\" attributes as appropriate.","<select>\n                    <option va...</select>","html > body > table > tbody > tr:nth-child(1) > td:nth-child(5) > select"
"error","WCAG2AA.Principle4.Guideline4_1.4_1_2.H91.Select.Name","This select element does not have a name available to an accessibility API. Valid names are: label element, title undefined, aria-label undefined, aria-labelledby undefined.","<select>\n                    <option va...</select>","#status3 > td:nth-child(2) > select"
"error","WCAG2AA.Principle1.Guideline1_3.1_3_1.F68","This form field should be labelled in some way. Use the label element (either with a \"for\" attribute or wrapped around the form field), or \"title\", \"aria-label\" or \"aria-labelledby\" attributes as appropriate.","<select>\n                    <option va...</select>","#status3 > td:nth-child(2) > select"
