"type","code","message","context","selector"
"error","WCAG2AA.Principle2.Guideline2_4.2_4_2.H25.1.NoTitleEl","A title should be provided for the document, using a non-empty title element in the head section.","<head> \n<script type=\"text/javascript...</head>","html > head"
"error","WCAG2AA.Principle4.Guideline4_1.4_1_2.H91.A.EmptyNoId","Anchor element found with no link content and no name and/or ID attribute.","<a href=\"\" class=\"nav__link\"></a>","html > body > section > nav > ul > li:nth-child(1) > a"
"error","WCAG2AA.Principle4.Guideline4_1.4_1_2.H91.A.NoContent","Anchor element found with a valid href attribute, but no link content has been supplied.","<a href=\"#\" class=\"sm__link\"><i class=\"fab fa-facebook-f sm_...</a>","html > body > section > nav > ul > div > a:nth-child(1)"
"error","WCAG2AA.Principle4.Guideline4_1.4_1_2.H91.A.NoContent","Anchor element found with a valid href attribute, but no link content has been supplied.","<a href=\"#\" class=\"sm__link\"><i class=\"fab fa-twitter sm__tw...</a>","html > body > section > nav > ul > div > a:nth-child(2)"
"error","WCAG2AA.Principle4.Guideline4_1.4_1_2.H91.A.NoContent","Anchor element found with a valid href attribute, but no link content has been supplied.","<a href=\"#\" class=\"sm__link\"><i class=\"fab fa-instagram sm__...</a>","html > body > section > nav > ul > div > a:nth-child(3)"
