"type","code","message","context","selector"
"error","WCAG2AA.Principle2.Guideline2_4.2_4_2.H25.1.NoTitleEl","A title should be provided for the document, using a non-empty title element in the head section.","<head>\n    <meta name=\" viewport\" con...</head>","html > head"
"error","WCAG2AA.Principle3.Guideline3_1.3_1_1.H57.2","The html element should have a lang or xml:lang attribute which describes the language of the document.","<html><head>\n    <meta name=\" viewpor...</html>","html"
"error","WCAG2AA.Principle3.Guideline3_2.3_2_2.H32.2","This form does not contain a submit button, which creates issues for those who cannot submit the form using the keyboard. Submit buttons are INPUT elements with type attribute \"submit\" or \"image\", or BUTTON elements with type \"submit\" or omitted/invalid.","<form>\n          <label class=\" u\" fo...</form>","# action > form"
"error","WCAG2AA.Principle4.Guideline4_1.4_1_2.H91.Input text.Name","This  textinput element does not have a name available to an accessibility API. Valid names are: element content, aria-label undefined, aria-labelledby undefined.","<input type=\" text\" id=\" uname\" name=\" user\" placeholder=\" Your username...\">","# uname"
"error","WCAG2AA.Principle4.Guideline4_1.4_1_2.H91.Input text.Name","This  textinput element does not have a name available to an accessibility API. Valid names are: element content, aria-label undefined, aria-labelledby undefined.","<input type=\" text\" id=\" pass\" name=\" pass\" placeholder=\" Your password...\">","# pass"
"error","WCAG2AA.Principle4.Guideline4_1.4_1_2.H91.Input submit.Name","This  submitinput element does not have a name available to an accessibility API. Valid names are: element content, aria-label undefined, aria-labelledby undefined.","<input type=\" submit\" value=\" Submit\" id=\" loginto\" onclick=\" reee()\">","# loginto"
