"type","code","message","context","selector"
"error","WCAG2AA.Principle3.Guideline3_1.3_1_1.H57.2","The html element should have a lang or xml:lang attribute which describes the language of the document.","<html><head>\n<style type=\"text/css\">\n...</html>","html"
"error","WCAG2AA.Principle4.Guideline4_1.4_1_2.H91.Fieldset.Name","This fieldset element does not have a name available to an accessibility API. Valid names are: legend element, aria-label undefined, aria-labelledby undefined.","<fieldset id=\"left\">\n    <p id=\"output\">TEST</p>\n  </fieldset>","#left"
"error","WCAG2AA.Principle1.Guideline1_3.1_3_1.H71.NoLegend","Fieldset does not contain a legend element. All fieldsets should contain a legend element that describes a description of the field group.","<fieldset id=\"left\">\n    <p id=\"output\">TEST</p>\n  </fieldset>","#left"
"error","WCAG2AA.Principle4.Guideline4_1.4_1_2.H91.Fieldset.Name","This fieldset element does not have a name available to an accessibility API. Valid names are: legend element, aria-label undefined, aria-labelledby undefined.","<fieldset id=\"right\">\n    <p id=\"lesson\">TEST</p>\n  </fieldset>","#right"
"error","WCAG2AA.Principle1.Guideline1_3.1_3_1.H71.NoLegend","Fieldset does not contain a legend element. All fieldsets should contain a legend element that describes a description of the field group.","<fieldset id=\"right\">\n    <p id=\"lesson\">TEST</p>\n  </fieldset>","#right"
"error","WCAG2AA.Principle4.Guideline4_1.4_1_1.F77","Duplicate id attribute value \"left\" found on the web page.","<fieldset id=\"left\">\n    <p id=\"output\">TEST</p>\n  </fieldset>","#left"
"error","WCAG2AA.Principle4.Guideline4_1.4_1_2.H91.Fieldset.Name","This fieldset element does not have a name available to an accessibility API. Valid names are: legend element, aria-label undefined, aria-labelledby undefined.","<fieldset id=\"left\">\n    <p id=\"output\">TEST</p>\n  </fieldset>","#left"
"error","WCAG2AA.Principle1.Guideline1_3.1_3_1.H71.NoLegend","Fieldset does not contain a legend element. All fieldsets should contain a legend element that describes a description of the field group.","<fieldset id=\"left\">\n    <p id=\"output\">TEST</p>\n  </fieldset>","#left"
"error","WCAG2AA.Principle4.Guideline4_1.4_1_1.F77","Duplicate id attribute value \"output\" found on the web page.","<p id=\"output\">TEST</p>","#output"
"error","WCAG2AA.Principle4.Guideline4_1.4_1_1.F77","Duplicate id attribute value \"input\" found on the web page.","<div id=\"input\">\n    <input type=\"button\" id=\"d...</div>","#input"
"error","WCAG2AA.Principle4.Guideline4_1.4_1_1.F77","Duplicate id attribute value \"doctype\" found on the web page.","<input type=\"button\" id=\"doctype\" value=\"<!DOCTYPE html>\">","#doctype"
"error","WCAG2AA.Principle4.Guideline4_1.4_1_1.F77","Duplicate id attribute value \"html\" found on the web page.","<input type=\"button\" id=\"html\" value=\"<html>\">","#html"
"error","WCAG2AA.Principle4.Guideline4_1.4_1_1.F77","Duplicate id attribute value \"head\" found on the web page.","<input type=\"button\" id=\"head\" value=\"<head>\">","#head"
"error","WCAG2AA.Principle4.Guideline4_1.4_1_1.F77","Duplicate id attribute value \"title\" found on the web page.","<input type=\"button\" id=\"title\" value=\"<title>\">","#title"
"error","WCAG2AA.Principle4.Guideline4_1.4_1_1.F77","Duplicate id attribute value \"css\" found on the web page.","<input type=\"button\" id=\"css\" value=\"<link rel='stylesheet'>\">","#css"
"error","WCAG2AA.Principle4.Guideline4_1.4_1_1.F77","Duplicate id attribute value \"right\" found on the web page.","<fieldset id=\"right\">\n    <p id=\"lesson\">TEST</p>\n  </fieldset>","#right"
"error","WCAG2AA.Principle4.Guideline4_1.4_1_2.H91.Fieldset.Name","This fieldset element does not have a name available to an accessibility API. Valid names are: legend element, aria-label undefined, aria-labelledby undefined.","<fieldset id=\"right\">\n    <p id=\"lesson\">TEST</p>\n  </fieldset>","#right"
"error","WCAG2AA.Principle1.Guideline1_3.1_3_1.H71.NoLegend","Fieldset does not contain a legend element. All fieldsets should contain a legend element that describes a description of the field group.","<fieldset id=\"right\">\n    <p id=\"lesson\">TEST</p>\n  </fieldset>","#right"
"error","WCAG2AA.Principle4.Guideline4_1.4_1_1.F77","Duplicate id attribute value \"lesson\" found on the web page.","<p id=\"lesson\">TEST</p>","#lesson"
