"type","code","message","context","selector"
"error","WCAG2AA.Principle2.Guideline2_4.2_4_2.H25.1.NoTitleEl","A title should be provided for the document, using a non-empty title element in the head section.","<head>\n<style> \n  body {\n  background...</head>","html > head"
"error","WCAG2AA.Principle1.Guideline1_1.1_1_1.H37","Img element missing an alt attribute. Use the alt attribute to specify a short text alternative.","<img class=\"image2\" id=\"person1\" src=\"https://image.shutterstock.com/image-vector/person-icon-260nw-282598823.jpg\" onclick=\"myFunction(1)\">","#person1"
"error","WCAG2AA.Principle1.Guideline1_1.1_1_1.H37","Img element missing an alt attribute. Use the alt attribute to specify a short text alternative.","<img class=\"image2\" id=\"person2\" src=\"https://image.shutterstock.com/image-vector/person-icon-260nw-282598823.jpg\" onclick=\"myFunction(2)\">","#person2"
"error","WCAG2AA.Principle1.Guideline1_1.1_1_1.H37","Img element missing an alt attribute. Use the alt attribute to specify a short text alternative.","<img class=\"image2\" id=\"person3\" src=\"https://image.shutterstock.com/image-vector/person-icon-260nw-282598823.jpg\" onclick=\"myFunction(3)\">","#person3"
"error","WCAG2AA.Principle1.Guideline1_1.1_1_1.H37","Img element missing an alt attribute. Use the alt attribute to specify a short text alternative.","<img class=\"image2\" id=\"person4\" src=\"https://image.shutterstock.com/image-vector/person-icon-260nw-282598823.jpg\" onclick=\"myFunction(4)\">","#person4"
"error","WCAG2AA.Principle1.Guideline1_1.1_1_1.H37","Img element missing an alt attribute. Use the alt attribute to specify a short text alternative.","<img class=\"image1\" id=\"person5\" src=\"https://image.shutterstock.com/image-vector/person-icon-260nw-282598823.jpg\" onclick=\"myFunction(5)\">","#person5"
