"type","code","message","context","selector"
"error","WCAG2AA.Principle2.Guideline2_4.2_4_2.H25.1.EmptyTitle","The title element in the head section should be non-empty.","<title></title>","html > head > title"
"error","WCAG2AA.Principle3.Guideline3_1.3_1_1.H57.2","The html element should have a lang or xml:lang attribute which describes the language of the document.","<html><head>\n  <meta charset=\" utf-8\"...</html>","html"
"error","WCAG2AA.Principle4.Guideline4_1.4_1_2.H91.A.NoContent","Anchor element found with a valid href attribute, but no link content has been supplied.","<a class=\" btn btn-dark mb-3 mr-1\" href=\" #carouselExampleIndicators2\" role=\" button\" data-slide=\" prev\">\n                  <i class=\" f...</a>","html > body > section > div:nth-child(1) > div > section > div > div > div:nth-child(2) > a:nth-child(1)"
"error","WCAG2AA.Principle2.Guideline2_4.2_4_1.G1,G123,G124.NoSuchID","This link points to a named anchor \"carouselExampleIndicators2\" within the document, but no anchor exists with that name.","<a class=\" btn btn-dark mb-3 mr-1\" href=\" #carouselExampleIndicators2\" role=\" button\" data-slide=\" prev\">\n                  <i class=\" f...</a>","html > body > section > div:nth-child(1) > div > section > div > div > div:nth-child(2) > a:nth-child(1)"
"error","WCAG2AA.Principle4.Guideline4_1.4_1_2.H91.A.NoContent","Anchor element found with a valid href attribute, but no link content has been supplied.","<a class=\" btn btn-dark mb-3 \" href=\" #carouselExampleIndicators2\" role=\" button\" data-slide=\" next\">\n                  <i class=\" f...</a>","html > body > section > div:nth-child(1) > div > section > div > div > div:nth-child(2) > a:nth-child(2)"
"error","WCAG2AA.Principle2.Guideline2_4.2_4_1.G1,G123,G124.NoSuchID","This link points to a named anchor \"carouselExampleIndicators2\" within the document, but no anchor exists with that name.","<a class=\" btn btn-dark mb-3 \" href=\" #carouselExampleIndicators2\" role=\" button\" data-slide=\" next\">\n                  <i class=\" f...</a>","html > body > section > div:nth-child(1) > div > section > div > div > div:nth-child(2) > a:nth-child(2)"
