"type","code","message","context","selector"
"error","WCAG2AA.Principle2.Guideline2_4.2_4_2.H25.1.NoTitleEl","A title should be provided for the document, using a non-empty title element in the head section.","<head>\n    <style>\n\n        .image1 {...</head>","html > head"
"error","WCAG2AA.Principle3.Guideline3_1.3_1_1.H57.2","The html element should have a lang or xml:lang attribute which describes the language of the document.","<html><head>\n    <style>\n\n        .im...</html>","html"
"error","WCAG2AA.Principle1.Guideline1_1.1_1_1.H37","Img element missing an alt attribute. Use the alt attribute to specify a short text alternative.","<img class=\"image2\" src=\"https://via.placeholder.com/150\" onclick=\"myFunction(this)\">","html > body > img:nth-child(1)"
"error","WCAG2AA.Principle1.Guideline1_1.1_1_1.H37","Img element missing an alt attribute. Use the alt attribute to specify a short text alternative.","<img class=\"image2\" src=\"https://via.placeholder.com/170\" onclick=\"myFunction(this)\">","html > body > img:nth-child(2)"
"error","WCAG2AA.Principle1.Guideline1_1.1_1_1.H37","Img element missing an alt attribute. Use the alt attribute to specify a short text alternative.","<img class=\"image2\" src=\"https://via.placeholder.com/190\" onclick=\"myFunction(this)\">","html > body > img:nth-child(3)"
"error","WCAG2AA.Principle1.Guideline1_1.1_1_1.H37","Img element missing an alt attribute. Use the alt attribute to specify a short text alternative.","<img class=\"image2\" src=\"https://via.placeholder.com/210\" onclick=\"myFunction(this)\">","html > body > img:nth-child(4)"
"error","WCAG2AA.Principle1.Guideline1_1.1_1_1.H37","Img element missing an alt attribute. Use the alt attribute to specify a short text alternative.","<img class=\"image1\" src=\"https://via.placeholder.com/230\" onclick=\"myFunction(this)\">","html > body > img:nth-child(5)"
