"type","code","message","context","selector"
"error","WCAG2AA.Principle2.Guideline2_4.2_4_2.H25.1.NoTitleEl","A title should be provided for the document, using a non-empty title element in the head section.","<head> <script type=\"text/javascript\"...</head>","html > head"
"error","WCAG2AA.Principle3.Guideline3_2.3_2_2.H32.2","This form does not contain a submit button, which creates issues for those who cannot submit the form using the keyboard. Submit buttons are INPUT elements with type attribute \"submit\" or \"image\", or BUTTON elements with type \"submit\" or omitted/invalid.","<form action=\"\">\n    <input type=\"text\" placeho...</form>","html > body > div > form"
"error","WCAG2AA.Principle4.Guideline4_1.4_1_2.H91.InputText.Name","This textinput element does not have a name available to an accessibility API. Valid names are: label element, title undefined, aria-label undefined, aria-labelledby undefined.","<input type=\"text\" placeholder=\"Type your answer here\">","html > body > div > form > input"
"error","WCAG2AA.Principle1.Guideline1_3.1_3_1.F68","This form field should be labelled in some way. Use the label element (either with a \"for\" attribute or wrapped around the form field), or \"title\", \"aria-label\" or \"aria-labelledby\" attributes as appropriate.","<input type=\"text\" placeholder=\"Type your answer here\">","html > body > div > form > input"
