"type","code","message","context","selector"
"error","WCAG2AA.Principle3.Guideline3_2.3_2_2.H32.2","This form does not contain a submit button, which creates issues for those who cannot submit the form using the keyboard. Submit buttons are INPUT elements with type attribute \"submit\" or \"image\", or BUTTON elements with type \"submit\" or omitted/invalid.","<form name=\"fv\">\n    <table>\n        <tbody><tr...</form>","html > body > form"
"error","WCAG2AA.Principle4.Guideline4_1.4_1_2.H91.InputText.Name","This textinput element does not have a name available to an accessibility API. Valid names are: label element, title undefined, aria-label undefined, aria-labelledby undefined.","<input type=\"text\" name=\"investment\" size=\"12\" onchange=\"calculate();\">","html > body > form > table > tbody > tr:nth-child(2) > td:nth-child(3) > input"
"error","WCAG2AA.Principle1.Guideline1_3.1_3_1.F68","This form field should be labelled in some way. Use the label element (either with a \"for\" attribute or wrapped around the form field), or \"title\", \"aria-label\" or \"aria-labelledby\" attributes as appropriate.","<input type=\"text\" name=\"investment\" size=\"12\" onchange=\"calculate();\">","html > body > form > table > tbody > tr:nth-child(2) > td:nth-child(3) > input"
"error","WCAG2AA.Principle4.Guideline4_1.4_1_2.H91.InputText.Name","This textinput element does not have a name available to an accessibility API. Valid names are: label element, title undefined, aria-label undefined, aria-labelledby undefined.","<input type=\"text\" name=\"interest\" size=\"12\" onchange=\"calculate();\">","html > body > form > table > tbody > tr:nth-child(3) > td:nth-child(3) > input"
"error","WCAG2AA.Principle1.Guideline1_3.1_3_1.F68","This form field should be labelled in some way. Use the label element (either with a \"for\" attribute or wrapped around the form field), or \"title\", \"aria-label\" or \"aria-labelledby\" attributes as appropriate.","<input type=\"text\" name=\"interest\" size=\"12\" onchange=\"calculate();\">","html > body > form > table > tbody > tr:nth-child(3) > td:nth-child(3) > input"
"error","WCAG2AA.Principle4.Guideline4_1.4_1_2.H91.InputText.Name","This textinput element does not have a name available to an accessibility API. Valid names are: label element, title undefined, aria-label undefined, aria-labelledby undefined.","<input type=\"text\" name=\"monthly\" size=\"12\" onchange=\"calculate();\">","html > body > form > table > tbody > tr:nth-child(4) > td:nth-child(3) > input"
"error","WCAG2AA.Principle1.Guideline1_3.1_3_1.F68","This form field should be labelled in some way. Use the label element (either with a \"for\" attribute or wrapped around the form field), or \"title\", \"aria-label\" or \"aria-labelledby\" attributes as appropriate.","<input type=\"text\" name=\"monthly\" size=\"12\" onchange=\"calculate();\">","html > body > form > table > tbody > tr:nth-child(4) > td:nth-child(3) > input"
"error","WCAG2AA.Principle4.Guideline4_1.4_1_2.H91.InputText.Name","This textinput element does not have a name available to an accessibility API. Valid names are: label element, title undefined, aria-label undefined, aria-labelledby undefined.","<input type=\"text\" name=\"terms\" size=\"12\" onchange=\"calculate();\">","html > body > form > table > tbody > tr:nth-child(5) > td:nth-child(3) > input"
"error","WCAG2AA.Principle1.Guideline1_3.1_3_1.F68","This form field should be labelled in some way. Use the label element (either with a \"for\" attribute or wrapped around the form field), or \"title\", \"aria-label\" or \"aria-labelledby\" attributes as appropriate.","<input type=\"text\" name=\"terms\" size=\"12\" onchange=\"calculate();\">","html > body > form > table > tbody > tr:nth-child(5) > td:nth-child(3) > input"
"error","WCAG2AA.Principle4.Guideline4_1.4_1_2.H91.InputText.Name","This textinput element does not have a name available to an accessibility API. Valid names are: label element, title undefined, aria-label undefined, aria-labelledby undefined.","<input type=\"text\" name=\"payment\" size=\"12\">","html > body > form > table > tbody > tr:nth-child(8) > td:nth-child(3) > input"
"error","WCAG2AA.Principle1.Guideline1_3.1_3_1.F68","This form field should be labelled in some way. Use the label element (either with a \"for\" attribute or wrapped around the form field), or \"title\", \"aria-label\" or \"aria-labelledby\" attributes as appropriate.","<input type=\"text\" name=\"payment\" size=\"12\">","html > body > form > table > tbody > tr:nth-child(8) > td:nth-child(3) > input"
