"type","code","message","context","selector"
"error","WCAG2AA.Principle2.Guideline2_4.2_4_2.H25.1.NoTitleEl","A title should be provided for the document, using a non-empty title element in the head section.","<head> <script type=\"text/javascript\"...</head>","html > head"
"error","WCAG2AA.Principle4.Guideline4_1.4_1_2.H91.InputText.Name","This textinput element does not have a name available to an accessibility API. Valid names are: label element, title undefined, aria-label undefined, aria-labelledby undefined.","<input id=\"input\" type=\"text\" name=\"\">","#input"
"error","WCAG2AA.Principle1.Guideline1_3.1_3_1.F68","This form field should be labelled in some way. Use the label element (either with a \"for\" attribute or wrapped around the form field), or \"title\", \"aria-label\" or \"aria-labelledby\" attributes as appropriate.","<input id=\"input\" type=\"text\" name=\"\">","#input"
"error","WCAG2AA.Principle4.Guideline4_1.4_1_2.H91.InputText.Name","This textinput element does not have a name available to an accessibility API. Valid names are: label element, title undefined, aria-label undefined, aria-labelledby undefined.","<input id=\"find_form\" type=\"text\" placeholder=\"Find\">","#find_form"
"error","WCAG2AA.Principle1.Guideline1_3.1_3_1.F68","This form field should be labelled in some way. Use the label element (either with a \"for\" attribute or wrapped around the form field), or \"title\", \"aria-label\" or \"aria-labelledby\" attributes as appropriate.","<input id=\"find_form\" type=\"text\" placeholder=\"Find\">","#find_form"
