"type","code","message","context","selector"
"error","WCAG2AA.Principle2.Guideline2_4.2_4_2.H25.1.NoTitleEl","A title should be provided for the document, using a non-empty title element in the head section.","<head> \n<script type=\"text/javascript...</head>","html > head"
"error","WCAG2AA.Principle1.Guideline1_1.1_1_1.H37","Img element missing an alt attribute. Use the alt attribute to specify a short text alternative.","<img src=\"world_blue.png\">","#worldfilter > button:nth-child(1) > img"
"error","WCAG2AA.Principle4.Guideline4_1.4_1_2.H91.Button.Name","This button element does not have a name available to an accessibility API. Valid names are: title undefined, element content, aria-label undefined, aria-labelledby undefined.","<button class=\"wf-btn\"><img src=\"europe_grey.png\"></button>","#worldfilter > button:nth-child(2)"
"error","WCAG2AA.Principle1.Guideline1_1.1_1_1.H37","Img element missing an alt attribute. Use the alt attribute to specify a short text alternative.","<img src=\"europe_grey.png\">","#worldfilter > button:nth-child(2) > img"
"error","WCAG2AA.Principle4.Guideline4_1.4_1_2.H91.Button.Name","This button element does not have a name available to an accessibility API. Valid names are: title undefined, element content, aria-label undefined, aria-labelledby undefined.","<button class=\"wf-btn\"><img src=\"north_america_grey.pn...</button>","#worldfilter > button:nth-child(3)"
"error","WCAG2AA.Principle1.Guideline1_1.1_1_1.H37","Img element missing an alt attribute. Use the alt attribute to specify a short text alternative.","<img src=\"north_america_grey.png\">","#worldfilter > button:nth-child(3) > img"
"error","WCAG2AA.Principle4.Guideline4_1.4_1_2.H91.Button.Name","This button element does not have a name available to an accessibility API. Valid names are: title undefined, element content, aria-label undefined, aria-labelledby undefined.","<button class=\"wf-btn\"><img src=\"south_america_grey.pn...</button>","#worldfilter > button:nth-child(4)"
"error","WCAG2AA.Principle1.Guideline1_1.1_1_1.H37","Img element missing an alt attribute. Use the alt attribute to specify a short text alternative.","<img src=\"south_america_grey.png\">","#worldfilter > button:nth-child(4) > img"
"error","WCAG2AA.Principle4.Guideline4_1.4_1_2.H91.Button.Name","This button element does not have a name available to an accessibility API. Valid names are: title undefined, element content, aria-label undefined, aria-labelledby undefined.","<button class=\"wf-btn\"><img src=\"africa_grey.png\"></button>","#worldfilter > button:nth-child(5)"
"error","WCAG2AA.Principle1.Guideline1_1.1_1_1.H37","Img element missing an alt attribute. Use the alt attribute to specify a short text alternative.","<img src=\"africa_grey.png\">","#worldfilter > button:nth-child(5) > img"
"error","WCAG2AA.Principle4.Guideline4_1.4_1_2.H91.Button.Name","This button element does not have a name available to an accessibility API. Valid names are: title undefined, element content, aria-label undefined, aria-labelledby undefined.","<button class=\"wf-btn\"><img src=\"orient_grey.png\"></button>","#worldfilter > button:nth-child(6)"
"error","WCAG2AA.Principle1.Guideline1_1.1_1_1.H37","Img element missing an alt attribute. Use the alt attribute to specify a short text alternative.","<img src=\"orient_grey.png\">","#worldfilter > button:nth-child(6) > img"
"error","WCAG2AA.Principle4.Guideline4_1.4_1_2.H91.Button.Name","This button element does not have a name available to an accessibility API. Valid names are: title undefined, element content, aria-label undefined, aria-labelledby undefined.","<button class=\"wf-btn\"><img src=\"asia_grey.png\"></button>","#worldfilter > button:nth-child(7)"
"error","WCAG2AA.Principle1.Guideline1_1.1_1_1.H37","Img element missing an alt attribute. Use the alt attribute to specify a short text alternative.","<img src=\"asia_grey.png\">","#worldfilter > button:nth-child(7) > img"
"error","WCAG2AA.Principle4.Guideline4_1.4_1_2.H91.Button.Name","This button element does not have a name available to an accessibility API. Valid names are: title undefined, element content, aria-label undefined, aria-labelledby undefined.","<button class=\"wf-btn\"><img src=\"oceania_grey.png\"></button>","#worldfilter > button:nth-child(8)"
"error","WCAG2AA.Principle1.Guideline1_1.1_1_1.H37","Img element missing an alt attribute. Use the alt attribute to specify a short text alternative.","<img src=\"oceania_grey.png\">","#worldfilter > button:nth-child(8) > img"
