"type","code","message","context","selector"
"error","WCAG2AA.Principle2.Guideline2_4.2_4_2.H25.1.NoTitleEl","A title should be provided for the document, using a non-empty title element in the head section.","<head> \n<style type=\"text/css\">\n#blac...</head>","html > head"
"error","WCAG2AA.Principle1.Guideline1_1.1_1_1.H37","Img element missing an alt attribute. Use the alt attribute to specify a short text alternative.","<img src=\"https://i.imgur.com/ONJQpdL.jpg\">","html > body > pre > code > img:nth-child(2)"
"error","WCAG2AA.Principle1.Guideline1_1.1_1_1.H37","Img element missing an alt attribute. Use the alt attribute to specify a short text alternative.","<img src=\"https://i.imgur.com/eVo569U.jpg\">","html > body > pre > code > img:nth-child(3)"
"error","WCAG2AA.Principle4.Guideline4_1.4_1_1.F77","Duplicate id attribute value \"black\" found on the web page.","<div id=\"black\">\n</div>","#black"
"error","WCAG2AA.Principle1.Guideline1_1.1_1_1.H37","Img element missing an alt attribute. Use the alt attribute to specify a short text alternative.","<img src=\"https://i.imgur.com/ONJQpdL.jpg\">","html > body > pre > code > img:nth-child(6)"
"error","WCAG2AA.Principle1.Guideline1_1.1_1_1.H37","Img element missing an alt attribute. Use the alt attribute to specify a short text alternative.","<img src=\"https://i.imgur.com/eVo569U.jpg\">","html > body > pre > code > img:nth-child(7)"
