"type","code","message","context","selector"
"error","WCAG2AA.Principle2.Guideline2_4.2_4_2.H25.1.NoTitleEl","A title should be provided for the document, using a non-empty title element in the head section.","<head>\n</head>","html > head"
"error","WCAG2AA.Principle1.Guideline1_3.1_3_1.H49.Center","Presentational markup used that has become obsolete in HTML5.","<center>Artificial Intelligence</center>","#source-html > h1 > center"
"error","WCAG2AA.Principle4.Guideline4_1.4_1_2.H91.InputText.Name","This textinput element does not have a name available to an accessibility API. Valid names are: label element, title undefined, aria-label undefined, aria-labelledby undefined.","<input type=\"text\" value=\"123456\">","html > body > div > div:nth-child(2) > input:nth-child(1)"
"error","WCAG2AA.Principle1.Guideline1_3.1_3_1.F68","This form field should be labelled in some way. Use the label element (either with a \"for\" attribute or wrapped around the form field), or \"title\", \"aria-label\" or \"aria-labelledby\" attributes as appropriate.","<input type=\"text\" value=\"123456\">","html > body > div > div:nth-child(2) > input:nth-child(1)"
"error","WCAG2AA.Principle4.Guideline4_1.4_1_2.H91.InputText.Name","This textinput element does not have a name available to an accessibility API. Valid names are: label element, title undefined, aria-label undefined, aria-labelledby undefined.","<input type=\"text\" value=\"123456\" style=\"margin-left: 150px;\">","html > body > div > div:nth-child(2) > input:nth-child(2)"
"error","WCAG2AA.Principle1.Guideline1_3.1_3_1.F68","This form field should be labelled in some way. Use the label element (either with a \"for\" attribute or wrapped around the form field), or \"title\", \"aria-label\" or \"aria-labelledby\" attributes as appropriate.","<input type=\"text\" value=\"123456\" style=\"margin-left: 150px;\">","html > body > div > div:nth-child(2) > input:nth-child(2)"
