"type","code","message","context","selector"
"error","WCAG2AA.Principle2.Guideline2_4.2_4_2.H25.1.NoTitleEl","A title should be provided for the document, using a non-empty title element in the head section.","<head> \n<style type=\"text/css\">\n.menu...</head>","html > head"
"error","WCAG2AA.Principle1.Guideline1_4.1_4_3.G18.Fail","This element has insufficient contrast at this conformance level. Expected a contrast ratio of at least 4.5:1, but text in this element has a contrast ratio of 2.35:1. Recommendation:  change text colour to #00005f.","<a href=\"#section1\">Home</a>","#navbar > a:nth-child(1)"
"error","WCAG2AA.Principle2.Guideline2_4.2_4_1.G1,G123,G124.NoSuchID","This link points to a named anchor \"section1\" within the document, but no anchor exists with that name.","<a href=\"#section1\">Home</a>","#navbar > a:nth-child(1)"
"error","WCAG2AA.Principle1.Guideline1_4.1_4_3.G18.Fail","This element has insufficient contrast at this conformance level. Expected a contrast ratio of at least 4.5:1, but text in this element has a contrast ratio of 2.35:1. Recommendation:  change text colour to #00005f.","<a href=\"#section2\">About</a>","#navbar > a:nth-child(2)"
"error","WCAG2AA.Principle2.Guideline2_4.2_4_1.G1,G123,G124.NoSuchID","This link points to a named anchor \"section2\" within the document, but no anchor exists with that name.","<a href=\"#section2\">About</a>","#navbar > a:nth-child(2)"
"error","WCAG2AA.Principle1.Guideline1_4.1_4_3.G18.Fail","This element has insufficient contrast at this conformance level. Expected a contrast ratio of at least 4.5:1, but text in this element has a contrast ratio of 2.35:1. Recommendation:  change text colour to #00005f.","<a href=\"#\">Calendar</a>","#navbar > a:nth-child(3)"
"error","WCAG2AA.Principle1.Guideline1_4.1_4_3.G18.Fail","This element has insufficient contrast at this conformance level. Expected a contrast ratio of at least 4.5:1, but text in this element has a contrast ratio of 2.35:1. Recommendation:  change text colour to #00005f.","<a href=\"#\">News</a>","#navbar > a:nth-child(4)"
"error","WCAG2AA.Principle1.Guideline1_4.1_4_3.G18.Fail","This element has insufficient contrast at this conformance level. Expected a contrast ratio of at least 4.5:1, but text in this element has a contrast ratio of 2.35:1. Recommendation:  change text colour to #00005f.","<a href=\"#\">Contact</a>","#navbar > a:nth-child(5)"
