"type","code","message","context","selector"
"error","WCAG2AA.Principle2.Guideline2_4.2_4_2.H25.1.NoTitleEl","A title should be provided for the document, using a non-empty title element in the head section.","<head> \n<style type=\"text/css\">\n.tabl...</head>","html > head"
"error","WCAG2AA.Principle4.Guideline4_1.4_1_2.H91.Select.Name","This select element does not have a name available to an accessibility API. Valid names are: label element, title undefined, aria-label undefined, aria-labelledby undefined.","<select id=\"filter\">\n      <option disabled=\"\" sele...</select>","#filter"
"error","WCAG2AA.Principle1.Guideline1_3.1_3_1.F68","This form field should be labelled in some way. Use the label element (either with a \"for\" attribute or wrapped around the form field), or \"title\", \"aria-label\" or \"aria-labelledby\" attributes as appropriate.","<select id=\"filter\">\n      <option disabled=\"\" sele...</select>","#filter"
"error","WCAG2AA.Principle1.Guideline1_4.1_4_3.G18.Fail","This element has insufficient contrast at this conformance level. Expected a contrast ratio of at least 4.5:1, but text in this element has a contrast ratio of 2.96:1. Recommendation:  change background to #cd4d00.","<th>Názov</th>","html > body > div:nth-child(4) > table > thead > tr > th:nth-child(1)"
"error","WCAG2AA.Principle1.Guideline1_4.1_4_3.G18.Fail","This element has insufficient contrast at this conformance level. Expected a contrast ratio of at least 4.5:1, but text in this element has a contrast ratio of 2.96:1. Recommendation:  change background to #cd4d00.","<th>Suma</th>","html > body > div:nth-child(4) > table > thead > tr > th:nth-child(2)"
"error","WCAG2AA.Principle1.Guideline1_4.1_4_3.G18.Fail","This element has insufficient contrast at this conformance level. Expected a contrast ratio of at least 4.5:1, but text in this element has a contrast ratio of 2.96:1. Recommendation:  change background to #cd4d00.","<th>Kategória</th>","html > body > div:nth-child(4) > table > thead > tr > th:nth-child(3)"
