"type","code","message","context","selector"
"error","WCAG2AA.Principle2.Guideline2_4.2_4_2.H25.1.NoTitleEl","A title should be provided for the document, using a non-empty title element in the head section.","<head> <script type=\"text/javascript\"...</head>","html > head"
"error","WCAG2AA.Principle2.Guideline2_4.2_4_1.G1,G123,G124.NoSuchID","This link points to a named anchor \"2020\" within the document, but no anchor exists with that name.","<a href=\"#2020\">2020</a>","html > body > section > section:nth-child(1) > div > ul > li:nth-child(10) > a"
"error","WCAG2AA.Principle2.Guideline2_4.2_4_1.G1,G123,G124.NoSuchID","This link points to a named anchor \"2021\" within the document, but no anchor exists with that name.","<a href=\"#2021\">2021</a>","html > body > section > section:nth-child(1) > div > ul > li:nth-child(11) > a"
"error","WCAG2AA.Principle2.Guideline2_4.2_4_1.G1,G123,G124.NoSuchID","This link points to a named anchor \"2023\" within the document, but no anchor exists with that name.","<a href=\"#2023\">2023</a>","html > body > section > section:nth-child(1) > div > ul > li:nth-child(12) > a"
"error","WCAG2AA.Principle2.Guideline2_4.2_4_1.G1,G123,G124.NoSuchID","This link points to a named anchor \"2025\" within the document, but no anchor exists with that name.","<a href=\"#2025\">2025</a>","html > body > section > section:nth-child(1) > div > ul > li:nth-child(13) > a"
