"type","code","message","context","selector"
"error","WCAG2AA.Principle2.Guideline2_4.2_4_2.H25.1.NoTitleEl","A title should be provided for the document, using a non-empty title element in the head section.","<head>\n</head>","html > head"
"error","WCAG2AA.Principle4.Guideline4_1.4_1_1.F77","Duplicate id attribute value \"uniteLabel\" found on the web page.","<div id=\"uniteLabel\">A l’unité de produit</div>","#uniteLabel"
"error","WCAG2AA.Principle4.Guideline4_1.4_1_1.F77","Duplicate id attribute value \"uniteOutput\" found on the web page.","<div id=\"uniteOutput\"></div>","#uniteOutput"
"error","WCAG2AA.Principle4.Guideline4_1.4_1_1.F77","Duplicate id attribute value \"uniteLabel\" found on the web page.","<div id=\"uniteLabel\">En bloc</div>","#uniteLabel"
"error","WCAG2AA.Principle4.Guideline4_1.4_1_1.F77","Duplicate id attribute value \"uniteOutput\" found on the web page.","<div id=\"uniteOutput\"></div>","#uniteOutput"
