"type","code","message","context","selector"
"error","WCAG2AA.Principle3.Guideline3_1.3_1_1.H57.2","The html element should have a lang or xml:lang attribute which describes the language of the document.","<html><head>\n<title>Home</title>\n<sty...</html>","html"
"error","WCAG2AA.Principle4.Guideline4_1.4_1_2.H91.Input checkbox.Name","This  checkboxinput element does not have a name available to an accessibility API. Valid names are: element content, aria-label undefined, aria-labelledby undefined.","<input type=\" checkbox\" id=\" chk\">","# chk"
"error","WCAG2AA.Principle1.Guideline1_4.1_4_3.G18.Fail","This element has insufficient contrast at this conformance level. Expected a contrast ratio of at least 4.5:1, but text in this element has a contrast ratio of 1.01:1. Recommendation:  change background to #fff.","<a href=\" #section1\">Home</a>","#navbar > a:nth-child(1)"
"error","WCAG2AA.Principle2.Guideline2_4.2_4_1.G1,G123,G124.NoSuchID","This link points to a named anchor \"section1\" within the document, but no anchor exists with that name.","<a href=\" #section1\">Home</a>","#navbar > a:nth-child(1)"
"error","WCAG2AA.Principle1.Guideline1_4.1_4_3.G18.Fail","This element has insufficient contrast at this conformance level. Expected a contrast ratio of at least 4.5:1, but text in this element has a contrast ratio of 1.01:1. Recommendation:  change background to #fff.","<a href=\" #section2\">About</a>","#navbar > a:nth-child(2)"
"error","WCAG2AA.Principle2.Guideline2_4.2_4_1.G1,G123,G124.NoSuchID","This link points to a named anchor \"section2\" within the document, but no anchor exists with that name.","<a href=\" #section2\">About</a>","#navbar > a:nth-child(2)"
"error","WCAG2AA.Principle1.Guideline1_4.1_4_3.G18.Fail","This element has insufficient contrast at this conformance level. Expected a contrast ratio of at least 4.5:1, but text in this element has a contrast ratio of 1.01:1. Recommendation:  change background to #fff.","<a href=\" #\">Calendar</a>","#navbar > a:nth-child(3)"
"error","WCAG2AA.Principle1.Guideline1_4.1_4_3.G18.Fail","This element has insufficient contrast at this conformance level. Expected a contrast ratio of at least 4.5:1, but text in this element has a contrast ratio of 1.01:1. Recommendation:  change background to #fff.","<a href=\" #\">News</a>","#navbar > a:nth-child(4)"
"error","WCAG2AA.Principle1.Guideline1_4.1_4_3.G18.Fail","This element has insufficient contrast at this conformance level. Expected a contrast ratio of at least 4.5:1, but text in this element has a contrast ratio of 1.01:1. Recommendation:  change background to #fff.","<a href=\" #\">Contact</a>","#navbar > a:nth-child(5)"
