"type","code","message","context","selector"
"error","WCAG2AA.Principle2.Guideline2_4.2_4_2.H25.1.NoTitleEl","A title should be provided for the document, using a non-empty title element in the head section.","<head> </head>","html > head"
"error","WCAG2AA.Principle1.Guideline1_3.1_3_1.H49.Center","Presentational markup used that has become obsolete in HTML5.","<center>\n<div class=\"ety2\">While the sp...</center>","html > body > main > div > div > center"
"error","WCAG2AA.Principle1.Guideline1_1.1_1_1.H37","Img element missing an alt attribute. Use the alt attribute to specify a short text alternative.","<img src=\"https://cdn.shopify.com/s/files/1/0431/6184/5920/files/hands_1.png?v=1606939061\" height=\"\">","html > body > main > div > div > div:nth-child(12) > div:nth-child(1) > img"
"error","WCAG2AA.Principle1.Guideline1_1.1_1_1.H37","Img element missing an alt attribute. Use the alt attribute to specify a short text alternative.","<img src=\"https://cdn.shopify.com/s/files/1/0431/6184/5920/files/pizza_1.png?v=1606939061\">","html > body > main > div > div > div:nth-child(12) > div:nth-child(2) > img"
"error","WCAG2AA.Principle1.Guideline1_1.1_1_1.H37","Img element missing an alt attribute. Use the alt attribute to specify a short text alternative.","<img src=\"https://cdn.shopify.com/s/files/1/0431/6184/5920/files/drinkwear_1.png?v=1606939061\">","html > body > main > div > div > div:nth-child(12) > div:nth-child(3) > img"
