"type","code","message","context","selector"
"error","WCAG2AA.Principle4.Guideline4_1.4_1_2.H91.Select.Name","This select element does not have a name available to an accessibility API. Valid names are: label element, title undefined, aria-label undefined, aria-labelledby undefined.","<select id=\"d1\" name=\"Name\" class=\"dd\">\n      <option value=\"Name\">Nam...</select>","#d1"
"error","WCAG2AA.Principle1.Guideline1_3.1_3_1.F68","This form field should be labelled in some way. Use the label element (either with a \"for\" attribute or wrapped around the form field), or \"title\", \"aria-label\" or \"aria-labelledby\" attributes as appropriate.","<select id=\"d1\" name=\"Name\" class=\"dd\">\n      <option value=\"Name\">Nam...</select>","#d1"
"error","WCAG2AA.Principle4.Guideline4_1.4_1_2.H91.InputText.Name","This textinput element does not have a name available to an accessibility API. Valid names are: label element, title undefined, aria-label undefined, aria-labelledby undefined.","<input type=\"text\" id=\"name_in\" class=\"in\" spellcheck=\"false\">","#name_in"
"error","WCAG2AA.Principle1.Guideline1_3.1_3_1.F68","This form field should be labelled in some way. Use the label element (either with a \"for\" attribute or wrapped around the form field), or \"title\", \"aria-label\" or \"aria-labelledby\" attributes as appropriate.","<input type=\"text\" id=\"name_in\" class=\"in\" spellcheck=\"false\">","#name_in"
"error","WCAG2AA.Principle4.Guideline4_1.4_1_2.H91.Select.Name","This select element does not have a name available to an accessibility API. Valid names are: label element, title undefined, aria-label undefined, aria-labelledby undefined.","<select id=\"d2\" name=\"Summary\" class=\"dd\">\n      <option value=\"Summary\">...</select>","#d2"
"error","WCAG2AA.Principle1.Guideline1_3.1_3_1.F68","This form field should be labelled in some way. Use the label element (either with a \"for\" attribute or wrapped around the form field), or \"title\", \"aria-label\" or \"aria-labelledby\" attributes as appropriate.","<select id=\"d2\" name=\"Summary\" class=\"dd\">\n      <option value=\"Summary\">...</select>","#d2"
"error","WCAG2AA.Principle4.Guideline4_1.4_1_2.H91.Textarea.Name","This textarea element does not have a name available to an accessibility API. Valid names are: label element, title undefined, aria-label undefined, aria-labelledby undefined.","<textarea id=\"summ_in\" spellcheck=\"false\"></textarea>","#summ_in"
"error","WCAG2AA.Principle1.Guideline1_3.1_3_1.F68","This form field should be labelled in some way. Use the label element (either with a \"for\" attribute or wrapped around the form field), or \"title\", \"aria-label\" or \"aria-labelledby\" attributes as appropriate.","<textarea id=\"summ_in\" spellcheck=\"false\"></textarea>","#summ_in"
"error","WCAG2AA.Principle4.Guideline4_1.4_1_2.H91.Select.Name","This select element does not have a name available to an accessibility API. Valid names are: label element, title undefined, aria-label undefined, aria-labelledby undefined.","<select id=\"d3\" name=\"Stream\" class=\"dd\">\n      <option value=\"Stream\">S...</select>","#d3"
"error","WCAG2AA.Principle1.Guideline1_3.1_3_1.F68","This form field should be labelled in some way. Use the label element (either with a \"for\" attribute or wrapped around the form field), or \"title\", \"aria-label\" or \"aria-labelledby\" attributes as appropriate.","<select id=\"d3\" name=\"Stream\" class=\"dd\">\n      <option value=\"Stream\">S...</select>","#d3"
"error","WCAG2AA.Principle4.Guideline4_1.4_1_2.H91.InputText.Name","This textinput element does not have a name available to an accessibility API. Valid names are: label element, title undefined, aria-label undefined, aria-labelledby undefined.","<input type=\"text\" id=\"stream_in\" class=\"in\" spellcheck=\"false\">","#stream_in"
"error","WCAG2AA.Principle1.Guideline1_3.1_3_1.F68","This form field should be labelled in some way. Use the label element (either with a \"for\" attribute or wrapped around the form field), or \"title\", \"aria-label\" or \"aria-labelledby\" attributes as appropriate.","<input type=\"text\" id=\"stream_in\" class=\"in\" spellcheck=\"false\">","#stream_in"
