"type","code","message","context","selector"
"error","WCAG2AA.Principle3.Guideline3_2.3_2_2.H32.2","This form does not contain a submit button, which creates issues for those who cannot submit the form using the keyboard. Submit buttons are INPUT elements with type attribute \"submit\" or \"image\", or BUTTON elements with type \"submit\" or omitted/invalid.","<form>\n        <label class=\" radio-i...</form>","html > body > div > form"
"error","WCAG2AA.Principle4.Guideline4_1.4_1_2.H91.Input radio.Name","This  radioinput element does not have a name available to an accessibility API. Valid names are: element content, aria-label undefined, aria-labelledby undefined.","<input type=\" radio\" name=\" optradio\" value=\" notspecific\" checked=\"\">","html > body > div > form > label:nth-child(1) > input"
"error","WCAG2AA.Principle4.Guideline4_1.4_1_2.H91.Input radio.Name","This  radioinput element does not have a name available to an accessibility API. Valid names are: element content, aria-label undefined, aria-labelledby undefined.","<input type=\" radio\" name=\" optradio\" value=\" specific\">","html > body > div > form > label:nth-child(2) > input"
"error","WCAG2AA.Principle4.Guideline4_1.4_1_2.H91.Select.Name","This select element does not have a name available to an accessibility API. Valid names are: label element, title undefined, aria-label undefined, aria-labelledby undefined.","<select id=\" dropdown\">\n            <option value=\" \">...</select>","# dropdown"
"error","WCAG2AA.Principle1.Guideline1_3.1_3_1.F68","This form field should be labelled in some way. Use the label element (either with a \"for\" attribute or wrapped around the form field), or \"title\", \"aria-label\" or \"aria-labelledby\" attributes as appropriate.","<select id=\" dropdown\">\n            <option value=\" \">...</select>","# dropdown"
