"type","code","message","context","selector"
"error","WCAG2AA.Principle2.Guideline2_4.2_4_1.G1,G123,G124.NoSuchID","This link points to a named anchor \"test\" within the document, but no anchor exists with that name.","<a class=\"links active\" href=\"#test\">Link [DEF56789]</a>","html > body > ul:nth-child(2) > li > a"
"error","WCAG2AA.Principle2.Guideline2_4.2_4_1.G1,G123,G124.NoSuchID","This link points to a named anchor \"test\" within the document, but no anchor exists with that name.","<a class=\"links active\" href=\"#test\">Link [ABC12345]</a>","html > body > ul:nth-child(3) > li > a"
"error","WCAG2AA.Principle2.Guideline2_4.2_4_1.G1,G123,G124.NoSuchID","This link points to a named anchor \"test\" within the document, but no anchor exists with that name.","<a class=\"links active\" href=\"#test\">Link [DEF12345]</a>","html > body > ul:nth-child(4) > li > a"
"error","WCAG2AA.Principle2.Guideline2_4.2_4_1.G1,G123,G124.NoSuchID","This link points to a named anchor \"test\" within the document, but no anchor exists with that name.","<a class=\"links active\" href=\"#test\">Link [ABC56789]</a>","html > body > ul:nth-child(5) > li > a"
