"type","code","message","context","selector"
"error","WCAG2AA.Principle4.Guideline4_1.4_1_2.H91.InputCheckbox.Name","This checkboxinput element does not have a name available to an accessibility API. Valid names are: label element, title undefined, aria-label undefined, aria-labelledby undefined.","<input type=\"checkbox\" id=\"check\" name=\"check\">","#check"
"error","WCAG2AA.Principle1.Guideline1_3.1_3_1.F68","This form field should be labelled in some way. Use the label element (either with a \"for\" attribute or wrapped around the form field), or \"title\", \"aria-label\" or \"aria-labelledby\" attributes as appropriate.","<input type=\"checkbox\" id=\"check\" name=\"check\">","#check"
"error","WCAG2AA.Principle4.Guideline4_1.4_1_2.H91.InputCheckbox.Name","This checkboxinput element does not have a name available to an accessibility API. Valid names are: label element, title undefined, aria-label undefined, aria-labelledby undefined.","<input type=\"checkbox\" id=\"check2\" name=\"check2\">","#check2"
"error","WCAG2AA.Principle1.Guideline1_3.1_3_1.F68","This form field should be labelled in some way. Use the label element (either with a \"for\" attribute or wrapped around the form field), or \"title\", \"aria-label\" or \"aria-labelledby\" attributes as appropriate.","<input type=\"checkbox\" id=\"check2\" name=\"check2\">","#check2"
