"type","code","message","context","selector"
"error","WCAG2AA.Principle3.Guideline3_1.3_1_1.H57.2","The html element should have a lang or xml:lang attribute which describes the language of the document.","<html><head>\n        <title>KONECNE</...</html>","html"
"error","WCAG2AA.Principle1.Guideline1_4.1_4_3.G18.Fail","This element has insufficient contrast at this conformance level. Expected a contrast ratio of at least 4.5:1, but text in this element has a contrast ratio of 3.95:1. Recommendation:  change background to #767676.","<a href=\"#\" class=\"Desktop\">Desktop</a>","#nav > div > div > ul > li:nth-child(1) > a"
"error","WCAG2AA.Principle1.Guideline1_4.1_4_3.G18.Fail","This element has insufficient contrast at this conformance level. Expected a contrast ratio of at least 4.5:1, but text in this element has a contrast ratio of 3.95:1. Recommendation:  change text colour to #767676.","<a href=\"#\" class=\"Tablet\">Tablet</a>","#nav > div > div > ul > li:nth-child(2) > a"
"error","WCAG2AA.Principle1.Guideline1_4.1_4_3.G18.Fail","This element has insufficient contrast at this conformance level. Expected a contrast ratio of at least 4.5:1, but text in this element has a contrast ratio of 3.95:1. Recommendation:  change text colour to #767676.","<a href=\"#\" class=\"TabletP\">Tablet(Potrait)</a>","#nav > div > div > ul > li:nth-child(3) > a"
"error","WCAG2AA.Principle1.Guideline1_4.1_4_3.G18.Fail","This element has insufficient contrast at this conformance level. Expected a contrast ratio of at least 4.5:1, but text in this element has a contrast ratio of 3.95:1. Recommendation:  change text colour to #767676.","<a href=\"#\" class=\"Mobile\">Mobile</a>","#nav > div > div > ul > li:nth-child(4) > a"
"error","WCAG2AA.Principle4.Guideline4_1.4_1_1.F77","Duplicate id attribute value \"header\" found on the web page.","<section id=\"header\" class=\"wrapper\">\n        <nav class=\"podnavigac...</section>","#header"
