"type","code","message","context","selector"
"error","WCAG2AA.Principle4.Guideline4_1.4_1_1.F77","Duplicate id attribute value \"id\" found on the web page.","<td id=\"id\">\n        27-11-2020\n      </td>","#id"
"error","WCAG2AA.Principle4.Guideline4_1.4_1_1.F77","Duplicate id attribute value \"database\" found on the web page.","<td id=\"database\">\n        22\n      </td>","#database"
"error","WCAG2AA.Principle4.Guideline4_1.4_1_1.F77","Duplicate id attribute value \"total\" found on the web page.","<td id=\"total\">\n        1\n      </td>","#total"
"error","WCAG2AA.Principle4.Guideline4_1.4_1_1.F77","Duplicate id attribute value \"id\" found on the web page.","<td id=\"id\">\n        21-11-2020\n      </td>","#id"
"error","WCAG2AA.Principle4.Guideline4_1.4_1_1.F77","Duplicate id attribute value \"database\" found on the web page.","<td id=\"database\">\n        22\n      </td>","#database"
"error","WCAG2AA.Principle4.Guideline4_1.4_1_1.F77","Duplicate id attribute value \"total\" found on the web page.","<td id=\"total\">\n        12\n      </td>","#total"
"error","WCAG2AA.Principle4.Guideline4_1.4_1_1.F77","Duplicate id attribute value \"id\" found on the web page.","<td id=\"id\">\n        20-12-2020\n      </td>","#id"
"error","WCAG2AA.Principle4.Guideline4_1.4_1_1.F77","Duplicate id attribute value \"database\" found on the web page.","<td id=\"database\">\n        222\n      </td>","#database"
"error","WCAG2AA.Principle4.Guideline4_1.4_1_1.F77","Duplicate id attribute value \"total\" found on the web page.","<td id=\"total\">\n        21\n      </td>","#total"
"error","WCAG2AA.Principle4.Guideline4_1.4_1_1.F77","Duplicate id attribute value \"id\" found on the web page.","<td id=\"id\">\n        27-12-2020\n      </td>","#id"
"error","WCAG2AA.Principle4.Guideline4_1.4_1_1.F77","Duplicate id attribute value \"database\" found on the web page.","<td id=\"database\">\n        22\n      </td>","#database"
"error","WCAG2AA.Principle4.Guideline4_1.4_1_1.F77","Duplicate id attribute value \"total\" found on the web page.","<td id=\"total\">\n        1\n      </td>","#total"
"error","WCAG2AA.Principle4.Guideline4_1.4_1_1.F77","Duplicate id attribute value \"id\" found on the web page.","<td id=\"id\">\n        27-12-2020\n      </td>","#id"
"error","WCAG2AA.Principle4.Guideline4_1.4_1_1.F77","Duplicate id attribute value \"database\" found on the web page.","<td id=\"database\">\n        22\n      </td>","#database"
"error","WCAG2AA.Principle4.Guideline4_1.4_1_1.F77","Duplicate id attribute value \"total\" found on the web page.","<td id=\"total\">\n        1\n      </td>","#total"
