"type","code","message","context","selector"
"error","WCAG2AA.Principle1.Guideline1_1.1_1_1.H37","Img element missing an alt attribute. Use the alt attribute to specify a short text alternative.","<img src=\"https://encrypted-tbn0.gstatic.com/images?q=tbn:ANd9GcTOues59dCMXRYVPt6H8XvWGAuPlwHBprFWEw&amp;\tusqp=CAU\">","#mainImage-teste-js > div > img:nth-child(1)"
"error","WCAG2AA.Principle1.Guideline1_1.1_1_1.H37","Img element missing an alt attribute. Use the alt attribute to specify a short text alternative.","<img src=\"https://encrypted-tbn0.gstatic.com/images?q=tbn:ANd9GcSUEwJ_CKwAt4M1k_UTZSUCVUTy2XWjWLdK3w&amp;\tusqp=CAU\">","#mainImage-teste-js > div > img:nth-child(2)"
"error","WCAG2AA.Principle1.Guideline1_1.1_1_1.H37","Img element missing an alt attribute. Use the alt attribute to specify a short text alternative.","<img src=\"https://encrypted-tbn0.gstatic.com/images?q=tbn:ANd9GcTOues59dCMXRYVPt6H8XvWGAuPlwHBprFWEw&amp;\tusqp=CAU\">","#mainImage-teste-js > div > img:nth-child(3)"
"error","WCAG2AA.Principle1.Guideline1_1.1_1_1.H37","Img element missing an alt attribute. Use the alt attribute to specify a short text alternative.","<img src=\"https://encrypted-tbn0.gstatic.com/images?q=tbn:ANd9GcSUEwJ_CKwAt4M1k_UTZSUCVUTy2XWjWLdK3w&amp;\tusqp=CAU\">","#mainImage-teste-js > div > img:nth-child(4)"
