"type","code","message","context","selector"
"error","WCAG2AA.Principle1.Guideline1_1.1_1_1.H37","Img element missing an alt attribute. Use the alt attribute to specify a short text alternative.","<img src=\"https://rukminim1.flixcart.com/flap/1688/280/image/a341a61df77a5715.jpg?q=50\">","html > body > div > figure > img:nth-child(1)"
"error","WCAG2AA.Principle1.Guideline1_1.1_1_1.H37","Img element missing an alt attribute. Use the alt attribute to specify a short text alternative.","<img src=\"https://rukminim1.flixcart.com/flap/1688/280/image/971922653b729a9e.jpg?q=50\">","html > body > div > figure > img:nth-child(2)"
"error","WCAG2AA.Principle1.Guideline1_1.1_1_1.H37","Img element missing an alt attribute. Use the alt attribute to specify a short text alternative.","<img src=\"https://rukminim1.flixcart.com/flap/1688/280/image/4075d3bac7ced1e9.jpg?q=50\">","html > body > div > figure > img:nth-child(3)"
"error","WCAG2AA.Principle1.Guideline1_1.1_1_1.H37","Img element missing an alt attribute. Use the alt attribute to specify a short text alternative.","<img src=\"https://rukminim1.flixcart.com/flap/1688/280/image/411e38f49c1486b4.jpg?q=50\">","html > body > div > figure > img:nth-child(4)"
"error","WCAG2AA.Principle1.Guideline1_1.1_1_1.H37","Img element missing an alt attribute. Use the alt attribute to specify a short text alternative.","<img src=\"https://rukminim1.flixcart.com/flap/1688/280/image/8c30d1a38636e9fa.jpg?q=50\">","html > body > div > figure > img:nth-child(5)"
"error","WCAG2AA.Principle1.Guideline1_1.1_1_1.H37","Img element missing an alt attribute. Use the alt attribute to specify a short text alternative.","<img src=\"https://rukminim1.flixcart.com/flap/1688/280/image/ce435d49852d2b8c.jpg?q=50\">","html > body > div > figure > img:nth-child(6)"
